id,common_name,scientific_name,date,time,count,longitude,latitude,location,observer,group_name,date_only
372562170,Unidentified Non-biting Midge,Chironomidae indet.,2025-09-11,21:27,1,4.765711666666666,52.264583333333334,Aalsmeer,Len,Flies,2025-09-11
372478878,Yellow Dung Fly,Scathophaga stercoraria,2025-09-11,12:51,1,4.958385,52.483996,Purmerend - Purmerbos,Frank Reurs,Flies,2025-09-11
372469951,Common Drone Fly,Eristalis tenax,2025-09-11,15:00,1,4.853617234387752,52.32388451041631,Amsterdamse Bos - Kleine Kinderbad,Tom's Wildlife,Flies,2025-09-11
372471630,Common Drone Fly,Eristalis tenax,2025-09-11,15:18,1,4.854115711242899,52.3250038912551,Amsterdamse Bos - Kleine Kinderbad,Murat,Flies,2025-09-11
372458940,Common Drone Fly,Eristalis tenax,2025-09-11,13:09,1,4.757774,52.233718,Kudelstaart,Laurens Pronk,Flies,2025-09-11
372457213,,Dolichopodidae indet.,2025-09-11,12:55,1,4.8491086,52.3147365,Amstelveen - Heemtuin De Braak,vivek,Flies,2025-09-11
372446234,Orange-belted Leafwalker,Xylota segnis,2025-09-11,11:29,1,4.916146666666666,52.365478333333336,Amsterdam - ARTIS,thijs de zeeuw,Flies,2025-09-11
372432984,,Ptychoptera contaminata,2025-09-11,08:36,1,4.959667325019836,52.48638718998446,Purmerend - Purmer-Zuid,Kevin,Flies,2025-09-11
372441901,,Sargus flavipes,2025-09-11,10:50,1,4.783228541717359,52.21174083514899,Zevenhoven - Polder Zevenhoven,Menno Schilthuizen Taxon Expeditions Stichting Taxon Foundation,Flies,2025-09-11
372506452,,Morellia hortorum,2025-09-11,13:10,1,4.863874912261963,52.20625489321586,Mijdrecht,Gijs van der Voet,Flies,2025-09-11
372478831,,Pipunculidae indet.,2025-09-11,12:50,1,4.958385,52.483996,Purmerend - Purmerbos,Frank Reurs,Flies,2025-09-11
372478774,,Pseudolyciella spec.,2025-09-11,12:49,1,4.958385,52.483996,Purmerend - Purmerbos,Frank Reurs,Flies,2025-09-11
372477450,,Bicellaria spec.,2025-09-11,12:36,1,4.958385,52.483996,Purmerend - Purmerbos,Frank Reurs,Flies,2025-09-11
372477364,European crane fly,Tipula paludosa,2025-09-11,12:31,1,4.958385,52.483996,Purmerend - Purmerbos,Frank Reurs,Flies,2025-09-11
372477223,Fly unknown/Mosquito unknown/Midge unknown,Diptera indet.,2025-09-11,13:07,1,4.844102172706044,52.31822939401448,Amsterdamse Bos - Heuvel / Manege,LuisInDePels,Flies,2025-09-11
372477131,,Tetanocera spec.,2025-09-11,12:23,1,4.959555,52.484544,Purmerend - Polder de Purmer - Zuid,Frank Reurs,Flies,2025-09-11
372477043,,Coenosia tigrina,2025-09-11,12:20,1,4.959555,52.484544,Purmerend - Polder de Purmer - Zuid,Frank Reurs,Flies,2025-09-11
372476787,,Platycheirus scutatus/aurolateralis/splendidus,2025-09-11,12:14,1,4.959555,52.484544,Purmerend - Polder de Purmer - Zuid,Frank Reurs,Flies,2025-09-11
372476598,,Argyra spec.,2025-09-11,12:11,1,4.959554672241211,52.484544328748235,Purmerend - Polder de Purmer - Zuid,Frank Reurs,Flies,2025-09-11
372476397,,Melinda spec.,2025-09-11,12:10,1,4.962887,52.48329,Purmerend - Polder de Purmer - Zuid,Frank Reurs,Flies,2025-09-11
372476279,Tiger Marsh Fly,Helophilus pendulus,2025-09-11,12:07,1,4.962887,52.48329,Purmerend - Polder de Purmer - Zuid,Frank Reurs,Flies,2025-09-11
372476233,,Siphona spec.,2025-09-11,12:05,1,4.962887,52.48329,Purmerend - Polder de Purmer - Zuid,Frank Reurs,Flies,2025-09-11
372476203,,Fannia spec.,2025-09-11,12:02,1,4.962887,52.48329,Purmerend - Polder de Purmer - Zuid,Frank Reurs,Flies,2025-09-11
372475869,Face Fly,Musca autumnalis,2025-09-11,11:52,1,4.962887048459379,52.483289860160575,Purmerend - Polder de Purmer - Zuid,Frank Reurs,Flies,2025-09-11
372472852,Many-tufted Sedgesitter,Platycheirus scutatus,2025-09-11,15:26,1,4.853881271919519,52.32410695276335,Amsterdamse Bos - Kleine Kinderbad,D,Flies,2025-09-11
372472785,Long-winged Duskyface,Melanostoma scalare,2025-09-11,15:26,1,4.85388807555912,52.32409321515348,Amsterdamse Bos - Kleine Kinderbad,D,Flies,2025-09-11
372471853,,Lucilia spec.,2025-09-11,15:20,1,4.854098924356423,52.32496672359101,Amsterdamse Bos - Kleine Kinderbad,Murat,Flies,2025-09-11
372471227,,Lucilia spec.,2025-09-11,15:15,1,4.854447989157332,52.32546272868677,Amsterdamse Bos - Kleine Kinderbad,kees,Flies,2025-09-11
372468576,European crane fly,Tipula paludosa,2025-09-11,14:45,1,5.061592,52.489067,Volendam,GJ,Flies,2025-09-11
372463484,,Tachina fera/magnicornis,2025-09-11,13:59,1,4.75761065260019,52.26383067206723,Aalsmeer,liesbeth schuit,Flies,2025-09-11
372463398,Fly unknown/Mosquito unknown/Midge unknown,Diptera indet.,2025-09-11,13:58,1,4.83704008204097,52.31973968586803,Amsterdamse Bos - Heuvel / Manege,Henk,Flies,2025-09-11
372462550,Yellow-barred Pond Fly,Sericomyia silentis,2025-09-11,11:06,1,4.90790069103241,52.36689990201648,Amsterdam - Hortus Botanicus,Hans Bootsma,Flies,2025-09-11
372461812,Grey-spotted Sedgesitter,Platycheirus albimanus,2025-09-11,13:41,1,4.838882340122796,52.31753729754376,Amsterdamse Bos - Heuvel / Manege,Arda Unal,Flies,2025-09-11
372461619,,Lucilia spec.,2025-09-11,13:38,1,4.831579086743615,52.32004536803368,Amsterdamse Bos - Grote Vijver / Grote Speelweide,Murat,Flies,2025-09-11
372461515,,Lucilia spec.,2025-09-11,13:37,1,4.831573153007348,52.320037668819175,Amsterdamse Bos - Grote Vijver / Grote Speelweide,Murat,Flies,2025-09-11
372461461,Fly unknown/Mosquito unknown/Midge unknown,Diptera indet.,2025-09-11,13:36,1,4.831347175616688,52.32003609521986,Amsterdamse Bos - Grote Vijver / Grote Speelweide,kees,Flies,2025-09-11
372460206,,Lauxaniidae indet.,2025-09-11,11:08,1,4.9079217,52.3665073,Amsterdam - Hortus Botanicus,Daan van loenen,Flies,2025-09-11
372460135,,Siphona spec.,2025-09-11,13:24,1,4.719923358065195,52.303106426059614,Amsterdam - Airport Schiphol,Piet Koeckhoven,Flies,2025-09-11
372460119,Fly unknown/Mosquito unknown/Midge unknown,Diptera indet.,2025-09-11,13:24,1,4.8491086,52.3147365,Amstelveen - Heemtuin De Braak,vivek,Flies,2025-09-11
372460003,Marmalade Hoverfly,Episyrphus balteatus,2025-09-11,13:22,1,4.8436601,52.3202957,Amsterdamse Bos - Heuvel / Manege,Tomasz,Flies,2025-09-11
372459582,,Liriomyza strigata,2025-09-11,13:19,1,4.915267,52.3658296,Amsterdam - ARTIS,Cornelis Splinter,Flies,2025-09-11
372459441,Common Snout,Rhingia campestris,2025-09-11,13:05,1,4.863885641098022,52.20625379742361,Mijdrecht,Gijs van der Voet,Flies,2025-09-11
372459425,,Rabdophaga rosaria,2025-09-11,13:17,1,4.8364396,52.3160902,Amsterdamse Bos - Heuvel / Manege,Jacqueline,Flies,2025-09-11
372459244,,Scathophagidae indet.,2025-09-11,13:16,1,4.841412243424899,52.31905723996089,Amsterdamse Bos - Heuvel / Manege,Arda Unal,Flies,2025-09-11
372459047,Stripe-faced Drone Fly,Eristalis nemorum,2025-09-11,13:09,1,4.757774,52.233718,Kudelstaart,Laurens Pronk,Flies,2025-09-11
372458874,Eurasian Drone Fly,Eristalis arbustorum,2025-09-11,13:10,1,4.757635972222222,52.23375,Kudelstaart,Laurens Pronk,Flies,2025-09-11
372458800,Tapered Drone Fly,Eristalis pertinax,2025-09-11,13:13,1,4.840713333333333,52.32013,Amsterdamse Bos - Heuvel / Manege,theamus,Flies,2025-09-11
372458771,Tapered Drone Fly,Eristalis pertinax,2025-09-11,13:14,1,4.8407507,52.3201369,Amsterdamse Bos - Heuvel / Manege,Albertus,Flies,2025-09-11
372458051,,Rondaniola bursaria,2025-09-11,13:06,1,4.8492429,52.3185803,Amsterdamse Bos - Hockeyvelden,vivek,Flies,2025-09-11
372457826,Thistle Gall Fly,Urophora cardui,2025-09-11,13:04,1,4.8452932,52.3190963,Amsterdamse Bos - Heuvel / Manege,Daniel Erasmus,Flies,2025-09-11
372457494,,Tipula paludosa/oleracea,2025-09-11,13:00,1,4.927275,52.37193,Amsterdam - oostelijke eilanden,Marijn,Flies,2025-09-11
372456750,Common Batman Fly,Myathropa florea,2025-09-11,12:56,1,4.844050702046228,52.31818474211494,Amsterdamse Bos - Heuvel / Manege,Arda Unal,Flies,2025-09-11
372449463,Stripe-faced Drone Fly,Eristalis nemorum,2025-09-11,11:56,1,4.757925,52.233775,Kudelstaart,Laurens Pronk,Flies,2025-09-11
372447668,Stripe-faced Drone Fly,Eristalis nemorum,2025-09-11,11:35,1,4.955436666666666,52.387645,Amsterdam - Schellingwouderbreek,jeanine,Flies,2025-09-11
372447403,Hornet Plumehorn,Volucella zonaria,2025-09-11,11:42,1,4.922397937274289,52.35251956145771,Amsterdam - Watergraafsmeer,Wies Teepe,Flies,2025-09-11
372446027,Stripe-winged Drone Fly,Eristalis horticola,2025-09-11,11:28,1,4.940230599833493,52.28770591927751,Ouderkerk aan de Amstel - Ouderkerkerplas,JAMHuisman,Flies,2025-09-11
372445884,Stripe-winged Drone Fly,Eristalis horticola,2025-09-11,11:26,1,4.940255939308745,52.287818701516265,Ouderkerk aan de Amstel - Ouderkerkerplas,JAMHuisman,Flies,2025-09-11
372436189,Stripe-faced Drone Fly,Eristalis nemorum,2025-09-11,09:22,1,4.863828,52.206244,Mijdrecht,Gijs van der Voet,Flies,2025-09-11
372436103,Stripe-winged Drone Fly,Eristalis horticola,2025-09-11,09:19,1,4.863828420581058,52.206243935141586,Mijdrecht,Gijs van der Voet,Flies,2025-09-11
372435647,Stripe-faced Drone Fly,Eristalis nemorum,2025-09-11,07:48,1,4.931756593286991,52.22003246872937,Vinkeveen,Johan Barth,Flies,2025-09-11
372434750,Common Drone Fly,Eristalis tenax,2025-09-11,09:28,1,4.7824423,52.2118641,Zevenhoven - Polder Zevenhoven,Hoeve Kazan,Flies,2025-09-11
372631971,Dark Fruit-tree Tortrix,Pandemis heparana,2025-09-11,12:14,1,4.801601409912109,52.34727478027344,Amsterdam - Nieuw Sloten,Ruud Jansen,Moths,2025-09-11
372586845,Meal moth,Pyralis farinalis,2025-09-11,,1,4.875960946083069,52.36309553941368,Amsterdam - Oud-West,Ton Denters,Moths,2025-09-11
372560170,Humming-bird Hawk Moth,Macroglossum stellatarum,2025-09-11,19:48,1,4.886987842619419,52.36176861145987,Amsterdam - Centrum,Sam Reitsma,Moths,2025-09-11
372502930,Humming-bird Hawk Moth,Macroglossum stellatarum,2025-09-11,17:41,1,4.907161,52.348894,Amsterdam - Rivierenbuurt,Laura Musch,Moths,2025-09-11
372521183,White-spotted Pug,Eupithecia tripunctaria,2025-09-11,15:31,1,4.9747633934021,52.4884033203125,Purmerend - Purmer-Zuid,Simon Pepping,Moths,2025-09-11
372528333,Humming-bird Hawk Moth,Macroglossum stellatarum,2025-09-11,20:00,1,4.848377108573914,52.3806847778272,Amsterdam - Bos en Lommer,Jonathan Sleeboom,Moths,2025-09-11
372509460,Willow Beauty,Peribatodes rhomboidaria,2025-09-11,22:30,1,4.8557496,52.30449269972222,Amstelveen - Stadshart,Aad van Paassen,Moths,2025-09-11
372507697,Viburnum midget,Phyllonorycter lantanella,2025-09-11,19:21,1,4.931745529174805,52.350712223117505,Amsterdam - Frankendael,Edo Goverse,Moths,2025-09-11
372505900,White-shouldered house moth,Endrosis sarcitrella,2025-09-11,11:43,1,4.907777777777778,52.33083333333334,Amsterdam - Volkstuincomplex Amstelglorie,Jon Silber,Moths,2025-09-11
372495711,Willow Beauty,Peribatodes rhomboidaria,2025-09-11,18:57,1,4.886518120765686,52.383756157931856,Amsterdam - Centrum,Y. Evers,Moths,2025-09-11
372488272,Brown House Moth,Hofmannophila pseudospretella,2025-09-11,17:53,1,4.741795,52.46548833333333,Assendelft - Zuid,Coen Krom,Moths,2025-09-11
372485763,Broad-bordered Yellow Underwing,Noctua fimbriata,2025-09-11,17:29,1,4.838330540238989,52.468262062539566,Zaandam - Het Kalf,Mick Brinkkemper,Moths,2025-09-11
372480262,Knot Grass,Acronicta rumicis,2025-09-11,16:37,1,4.905920326252909,52.34948286225638,Amsterdam - Oud-Zuid,Erik van der Hut,Moths,2025-09-11
372479145,Small China-mark,Cataclysta lemnata,2025-09-11,13:09,1,4.956164360046387,52.48208762752827,Purmerend - Polder de Purmer - Zuid,Frank Reurs,Moths,2025-09-11
372479039,Dewick’s Plusia,Macdunnoughia confusa,2025-09-11,15:58,1,4.9196295,52.2857624,Ouderkerk aan de Amstel - Holendrechter- en Bullewijkerpolder ,Paulina,Moths,2025-09-11
372479019,Bright-line Brown-eye,Lacanobia oleracea,2025-09-11,12:23,1,4.9196295,52.2857624,Ouderkerk aan de Amstel - Holendrechter- en Bullewijkerpolder ,Paulina,Moths,2025-09-11
372476953,Common Plume,Emmelina monodactyla,2025-09-11,12:17,1,4.959555,52.484544,Purmerend - Polder de Purmer - Zuid,Frank Reurs,Moths,2025-09-11
372470006,Small Magpie,Anania hortulata,2025-09-11,15:01,1,4.782986,52.2120345,Zevenhoven - Polder Zevenhoven,Hoeve Kazan,Moths,2025-09-11
372468013,Buff-tip,Phalera bucephala,2025-09-11,14:41,1,4.783356,52.2129952,Zevenhoven - Polder Zevenhoven,Hoeve Kazan,Moths,2025-09-11
372467519,White-shouldered house moth,Endrosis sarcitrella,2025-09-11,14:35,1,4.781754500681966,52.21156858432712,Zevenhoven - Polder Zevenhoven,Menno Schilthuizen Taxon Expeditions Stichting Taxon Foundation,Moths,2025-09-11
372465929,Humming-bird Hawk Moth,Macroglossum stellatarum,2025-09-11,14:18,1,4.802867062389851,52.45687830317558,Koog aan de Zaan,Marieke Stam,Moths,2025-09-11
372462255,Star-wort,Cucullia asteris,2025-09-11,11:20,1,4.760105609893799,52.43353434718034,Westzaan - Westzanerpolder,Ge van 't Hoff,Moths,2025-09-11
372461496,Nettle-tap,Anthophila fabriciana,2025-09-11,13:37,1,4.83907068148706,52.317936485681976,Amsterdamse Bos - Heuvel / Manege,Arda Unal,Moths,2025-09-11
372459641,Box-tree Moth,Cydalima perspectalis,2025-09-11,13:19,1,4.841235035274457,52.31859997505426,Amsterdamse Bos - Heuvel / Manege,Yener,Moths,2025-09-11
372457767,Hornet Moth,Sesia apiformis,2025-09-11,13:03,1,4.845324543006508,52.31926361068152,Amsterdamse Bos - Heuvel / Manege,YagmurY,Moths,2025-09-11
372453361,Nettle-tap,Anthophila fabriciana,2025-09-11,12:30,1,4.950027465820312,52.36187243377389,Amsterdam - Flevopark,Cornelis Splinter,Moths,2025-09-11
372451804,Hoary Footman,Eilema caniola,2025-09-11,12:17,1,4.9587906,52.2908304,Amsterdam - AMC,chantal,Moths,2025-09-11
372450741,,Platyptilia isodactyla,2025-09-11,12:08,1,4.7763499,52.4771487,Westzaan - Polder Westzaan - Guisveld,Ella,Moths,2025-09-11
372450213,,Platyptilia isodactyla,2025-09-11,12:06,1,4.776252904606372,52.477142333984375,Westzaan - Polder Westzaan - Guisveld,Manouk Schrander,Moths,2025-09-11
372447456,Square-spot Rustic,Xestia xanthographa,2025-09-11,11:44,1,4.815680311103619,52.34592401966992,Amsterdam - Nieuw Sloten,Rebekah Lang,Moths,2025-09-11
372447440,Hoary Footman,Eilema caniola,2025-09-11,11:42,1,4.757845972222222,52.233795,Kudelstaart,Laurens Pronk,Moths,2025-09-11
372446066,Grey Dagger,Acronicta psi,2025-09-11,11:28,1,4.7896873,52.4954907,Wormerveer,gilaghost,Moths,2025-09-11
372445834,Grey Dagger,Acronicta psi,2025-09-11,11:26,1,4.7896284,52.4955082,Wormerveer,mirella,Moths,2025-09-11
372445367,Plume Moth,Amblyptilia acanthadactyla,2025-09-11,11:23,1,4.9068718,52.3667534,Amsterdam - Hortus Botanicus,F.L. Calsbeek,Moths,2025-09-11
372444734,Lunar Hornet Moth,Sesia bembeciformis,2025-09-11,11:18,1,4.874682202939757,52.35886544459752,Amsterdam - Vondelpark,Jente,Moths,2025-09-11
372437984,Box-tree Moth,Cydalima perspectalis,2025-09-11,10:09,1,4.972893979806357,52.26765901886154,Abcoude,Ellen van Donk,Moths,2025-09-11
372436889,Bright-line Brown-eye,Lacanobia oleracea,2025-09-11,08:36,1,4.959744,52.493973,Purmerend - Gors,Ernest Vinje,Moths,2025-09-11
372436878,Lesser Yellow Underwing,Noctua comes,2025-09-11,08:36,1,4.959744,52.493973,Purmerend - Gors,Ernest Vinje,Moths,2025-09-11
372436868,Lesser Yellow Underwing,Noctua comes,2025-09-11,08:36,1,4.959744,52.493973,Purmerend - Gors,Ernest Vinje,Moths,2025-09-11
372436754,Square-spot Rustic,Xestia xanthographa,2025-09-11,08:33,1,4.959744,52.493973,Purmerend - Gors,Ernest Vinje,Moths,2025-09-11
372436742,Large Fruit-tree Tortrix,Archips podana,2025-09-11,08:32,1,4.959744,52.493973,Purmerend - Gors,Ernest Vinje,Moths,2025-09-11
372436725,Square-spot Rustic,Xestia xanthographa,2025-09-11,08:31,1,4.959744,52.493973,Purmerend - Gors,Ernest Vinje,Moths,2025-09-11
372436708,Square-spot Rustic,Xestia xanthographa,2025-09-11,08:30,1,4.959744,52.493973,Purmerend - Gors,Ernest Vinje,Moths,2025-09-11
372436693,Flounced Rustic,Luperina testacea,2025-09-11,08:30,1,4.959743977516268,52.49397265175812,Purmerend - Gors,Ernest Vinje,Moths,2025-09-11
372435657,Beautiful Hook-tip,Laspeyria flexula,2025-09-11,07:45,1,4.931756593286991,52.22003246872937,Vinkeveen,Johan Barth,Moths,2025-09-11
372435642,Plume Moth,Amblyptilia acanthadactyla,2025-09-11,07:48,1,4.931756593286991,52.22003246872937,Vinkeveen,Johan Barth,Moths,2025-09-11
372435634,Large Fruit-tree Tortrix,Archips podana,2025-09-11,07:49,1,4.931756593286991,52.22003246872937,Vinkeveen,Johan Barth,Moths,2025-09-11
372435629,Large Yellow Underwing,Noctua pronuba,2025-09-11,07:49,2,4.931756593286991,52.22003246872937,Vinkeveen,Johan Barth,Moths,2025-09-11
372434622,Humming-bird Hawk Moth,Macroglossum stellatarum,2025-09-11,09:26,1,4.961699433624744,52.49022921198075,Purmerend - Purmer-Zuid,Kerstin Monsanto,Moths,2025-09-11
372431469,,Platyptilia isodactyla,2025-09-11,08:18,1,4.823448199722222,52.461108099722225,Zaandam - Kogerveld,Ronald Nijntjes,Moths,2025-09-11
372430912,Least Yellow Underwing,Noctua interjecta,2025-09-11,07:44,1,4.8980647,52.4110276,Amsterdam - Tuindorp-Oostzaan,Daan Drukker,Moths,2025-09-11
372430911,Flounced Rustic,Luperina testacea,2025-09-11,07:43,1,4.8980629,52.4110246,Amsterdam - Tuindorp-Oostzaan,Daan Drukker,Moths,2025-09-11
372430910,Unidentified Copper Underwing,Amphipyra pyramidea/berbera,2025-09-11,07:43,1,4.8980493,52.4110174,Amsterdam - Tuindorp-Oostzaan,Daan Drukker,Moths,2025-09-11
372430909,Large Yellow Underwing,Noctua pronuba,2025-09-11,07:41,2,4.8980581,52.4110207,Amsterdam - Tuindorp-Oostzaan,Daan Drukker,Moths,2025-09-11
372430906,Diamond-back Moth,Plutella xylostella,2025-09-11,07:41,1,4.8980581,52.4110207,Amsterdam - Tuindorp-Oostzaan,Daan Drukker,Moths,2025-09-11
372430901,Pale Mottled Willow,Caradrina clavipalpis,2025-09-11,07:40,1,4.8980613,52.4110257,Amsterdam - Tuindorp-Oostzaan,Daan Drukker,Moths,2025-09-11
372430898,Square-spot Rustic,Xestia xanthographa,2025-09-11,07:40,6,4.8980613,52.4110257,Amsterdam - Tuindorp-Oostzaan,Daan Drukker,Moths,2025-09-11
372430895,Old Lady,Mormo maura,2025-09-11,07:39,1,4.8980636,52.4110197,Amsterdam - Tuindorp-Oostzaan,Daan Drukker,Moths,2025-09-11
372430896,,Agriphila straminella,2025-09-11,07:40,2,4.8980613,52.4110257,Amsterdam - Tuindorp-Oostzaan,Daan Drukker,Moths,2025-09-11
372427727,Hoary Footman,Eilema caniola,2025-09-11,05:29,1,4.838458171052919,52.468273067586,Zaandam - Het Kalf,Mick Brinkkemper,Moths,2025-09-11
372427713,Box-tree Moth,Cydalima perspectalis,2025-09-11,05:25,1,4.83831319797646,52.468263086680075,Zaandam - Het Kalf,Mick Brinkkemper,Moths,2025-09-11
372459965,Red-legged Shieldbug,Pentatoma rufipes,2025-09-11,13:22,1,4.840588650438137,52.31898586320982,Amsterdamse Bos - Heuvel / Manege,Arda Unal,Bugs_Plant_Lice_and_Cicadas,2025-09-11
372508634,,Arocatus melanocephalus,2025-09-11,21:43,1,4.927305,52.364925,Amsterdam - Oost,alice driehuis,Bugs_Plant_Lice_and_Cicadas,2025-09-11
372477088,,Cicadella viridis,2025-09-11,12:22,1,4.959555,52.484544,Purmerend - Polder de Purmer - Zuid,Frank Reurs,Bugs_Plant_Lice_and_Cicadas,2025-09-11
372459534,Green Shieldbug,Palomena prasina,2025-09-11,13:06,1,4.863886,52.206254,Mijdrecht,Gijs van der Voet,Bugs_Plant_Lice_and_Cicadas,2025-09-11
372460199,,Metatropis rufescens,2025-09-11,13:25,1,4.839682751657739,52.31624012522784,Amsterdamse Bos - Heuvel / Manege,Yerson,Bugs_Plant_Lice_and_Cicadas,2025-09-11
372464717,,Cicadella viridis,2025-09-11,14:11,1,4.83770652674589,52.319569657605435,Amsterdamse Bos - Heuvel / Manege,Dominus Insectorum,Bugs_Plant_Lice_and_Cicadas,2025-09-11
372467482,Pond skater,Gerridae indet.,2025-09-11,14:35,1,4.837260206375791,52.32477024741563,Amsterdamse Bos - Bosbaan / Duizendmeterweg,D,Bugs_Plant_Lice_and_Cicadas,2025-09-11
372473259,,Aphidoidea indet.,2025-09-11,15:28,1,4.9224867,52.36083,Amsterdam - Oosterpark,Lex,Bugs_Plant_Lice_and_Cicadas,2025-09-11
372479065,Green Shieldbug,Palomena prasina,2025-09-11,13:03,2,4.954636573529569,52.483133049071746,Purmerend - Purmerbos,Frank Reurs,Bugs_Plant_Lice_and_Cicadas,2025-09-11
372479184,Tree Damsel Bug,Himacerus apterus,2025-09-11,13:11,1,4.956411123275757,52.482107229410744,Purmerend - Purmerbos,Frank Reurs,Bugs_Plant_Lice_and_Cicadas,2025-09-11
372479100,,Lygus pratensis,2025-09-11,13:05,1,4.955306053161621,52.48251886692524,Purmerend - Purmerbos,Frank Reurs,Bugs_Plant_Lice_and_Cicadas,2025-09-11
372479033,Common flowerbug,Anthocoris nemorum,2025-09-11,12:56,2,4.95513009998831,52.48442672383782,Purmerend - Purmerbos,Frank Reurs,Bugs_Plant_Lice_and_Cicadas,2025-09-11
372455415,,Aquarius paludum,2025-09-11,12:49,1,4.9064864,52.4338254,Landsmeer - Kerkebreek & Geijenbreek,Jasper,Bugs_Plant_Lice_and_Cicadas,2025-09-11
372480719,Great Green Bush-cricket,Tettigonia viridissima,2025-09-11,16:41,1,5.01832282762418,52.31221642923541,Driemond - Volkstuincomplex Linnaeus en Frankendael,Kees de Pater,Locusts_and_Crickets,2025-09-11
372462476,Speckled Bush-cricket,Leptophyes punctatissima,2025-09-11,13:48,1,4.8204915,52.4989396,Wormer,Kees Floris,Locusts_and_Crickets,2025-09-11
372460320,Slender Ground-hopper,Tetrix subulata,2025-09-11,13:26,1,4.85561,52.3234665,Amsterdamse Bos - Kleine Kinderbad,vivek,Locusts_and_Crickets,2025-09-11
372484965,Black Vine Weevil,Otiorhynchus sulcatus,2025-09-11,17:22,1,4.999271666666667,52.29881666666667,Amsterdam - Zuidoost,Laurens,Beetles,2025-09-11
372476068,Willow Flea Beetle,Crepidodera aurata,2025-09-11,12:01,1,4.962887,52.48329,Purmerend - Polder de Purmer - Zuid,Frank Reurs,Beetles,2025-09-11
372478839,Harlequin Ladybird f. succinea,Harmonia axyridis f. succinea,2025-09-11,16:20,1,4.799315314744412,52.33368457299874,Badhoevedorp,mongy,Beetles,2025-09-11
372469652,Harlequin Ladybird f. succinea,Harmonia axyridis f. succinea,2025-09-11,14:57,1,4.853614834262127,52.32418043823654,Amsterdamse Bos - Kleine Kinderbad,Tom's Wildlife,Beetles,2025-09-11
372463210,Seven-spot Ladybird,Coccinella septempunctata,2025-09-11,13:56,1,4.83729606494758,52.31973302089857,Amsterdamse Bos - Heuvel / Manege,Henk,Beetles,2025-09-11
372462040,Seven-spot Ladybird,Coccinella septempunctata,2025-09-11,13:43,1,4.843017712323562,52.32243802802182,Amsterdamse Bos - Heuvel / Manege,Dominus Insectorum,Beetles,2025-09-11
372451170,Harlequin Ladybird f. spectabilis,Harmonia axyridis f. spectabilis,2025-09-11,12:13,1,4.806272120626383,52.2342128861302,Uithoorn,Wim Bax,Beetles,2025-09-11
372442599,Harlequin Ladybird f. succinea,Harmonia axyridis f. succinea,2025-09-11,10:58,1,4.927584382529357,52.35496105761065,Amsterdam - Oost,Wies Teepe,Beetles,2025-09-11
372459971,,Amara spec.,2025-09-11,13:22,1,4.8491086,52.3147365,Amstelveen - Heemtuin De Braak,vivek,Beetles,2025-09-11
372460906,,Amara spec.,2025-09-11,13:31,1,4.8435288,52.3201972,Amsterdamse Bos - Heuvel / Manege,Remond,Beetles,2025-09-11
372475438,,Poecilus versicolor,2025-09-11,08:52,1,4.959491065874032,52.29074765940881,Amsterdam - AMC,René Wolbers,Beetles,2025-09-11
372478963,Strawberry blossom weevil,Anthonomus rubi,2025-09-11,12:56,1,4.958385,52.483996,Purmerend - Purmerbos,Frank Reurs,Beetles,2025-09-11
372477429,,Altica spec.,2025-09-11,12:34,1,4.958385,52.483996,Purmerend - Purmerbos,Frank Reurs,Beetles,2025-09-11
372461895,,Brentidae indet.,2025-09-11,13:36,1,4.839896665426817,52.32001366311333,Amsterdamse Bos - Heuvel / Manege,Henk,Beetles,2025-09-11
372460486,Green Dock Beetle,Gastrophysa viridula,2025-09-11,13:28,1,4.8491086,52.3147365,Amstelveen - Heemtuin De Braak,vivek,Beetles,2025-09-11
372436851,,Aphodius rufipes,2025-09-11,08:35,1,4.959744,52.493973,Purmerend - Gors,Ernest Vinje,Beetles,2025-09-11
372433728,Asian Hornet,Vespa velutina,2025-09-11,,1,4.883216321468353,52.34542325648756,Amsterdam - Oud-Zuid,Jan Buijs,Bees_Wasps_and_Ants,2025-09-11
372433545,Asian Hornet,Vespa velutina,2025-09-11,,1,4.883243143558502,52.34540031663664,Amsterdam - Oud-Zuid,Jan Buijs,Bees_Wasps_and_Ants,2025-09-11
372459925,Common Carder Bumblebee,Bombus pascuorum,2025-09-11,13:21,1,4.8436067,52.3203007,Amsterdamse Bos - Heuvel / Manege,Remond,Bees_Wasps_and_Ants,2025-09-11
372460740,Common Carder Bumblebee,Bombus pascuorum,2025-09-11,13:29,1,4.8553822,52.3198103,Amsterdamse Bos - Hockeyvelden,vivek,Bees_Wasps_and_Ants,2025-09-11
372464115,Common Carder Bumblebee,Bombus pascuorum,2025-09-11,14:04,1,4.848005,52.3213536,Amsterdamse Bos - Hockeyvelden,mdj,Bees_Wasps_and_Ants,2025-09-11
372471205,Common Carder Bumblebee,Bombus pascuorum,2025-09-11,15:14,1,4.8542361,52.3251185,Amsterdamse Bos - Kleine Kinderbad,Jacqueline,Bees_Wasps_and_Ants,2025-09-11
372463640,Unidentified Yellowjacket,Vespula spec.,2025-09-11,14:00,1,4.8505775,52.3195736,Amsterdamse Bos - Hockeyvelden,vivek,Bees_Wasps_and_Ants,2025-09-11
372470913,Hornet,Vespa crabro,2025-09-11,15:12,1,4.854609567140185,52.3257561654963,Amsterdamse Bos - Kleine Kinderbad,kees,Bees_Wasps_and_Ants,2025-09-11
372489780,Ichneumonid unknown,Ichneumonidae indet.,2025-09-11,18:09,1,4.798725422367116,52.33705087230514,Amsterdam - Osdorp,Madelon,Bees_Wasps_and_Ants,2025-09-11
372444125,Asian Hornet,Vespa velutina,2025-09-11,11:10,1,4.706366000326398,52.25031232908661,Rijsenhout,Externe bron,Bees_Wasps_and_Ants,2025-09-11
372461308,Oak Marble Gall Wasp,Andricus kollari,2025-09-11,13:33,1,4.831450129464835,52.319302786503926,Amsterdamse Bos,kees,Bees_Wasps_and_Ants,2025-09-11
372459568,Honey Bee,Apis mellifera,2025-09-11,13:18,1,4.8435865,52.3202363,Amsterdamse Bos - Heuvel / Manege,Remond,Bees_Wasps_and_Ants,2025-09-11
372459692,Honey Bee,Apis mellifera,2025-09-11,13:20,1,4.8491086,52.3147365,Amstelveen - Heemtuin De Braak,vivek,Bees_Wasps_and_Ants,2025-09-11
372477963,,Pimplinae indet.,2025-09-11,12:46,1,4.958385,52.483996,Purmerend - Purmerbos,Frank Reurs,Bees_Wasps_and_Ants,2025-09-11
372476103,Proctotrupidae unknown,Proctotrupidae indet.,2025-09-11,12:01,1,4.962887,52.48329,Purmerend - Polder de Purmer - Zuid,Frank Reurs,Bees_Wasps_and_Ants,2025-09-11
372476064,Field Digger Wasp,Mellinus arvensis,2025-09-11,15:55,1,5.028286166666667,52.482953333333334,Volendam - Polder Katwoude - Lagedijk/Zedde,Frank Dutman,Bees_Wasps_and_Ants,2025-09-11
372475477,Common Wasp,Vespula vulgaris,2025-09-11,15:49,1,4.849195266147005,52.32111264025111,Amsterdamse Bos - Hockeyvelden,Murat,Bees_Wasps_and_Ants,2025-09-11
372475409,Common Wasp,Vespula vulgaris,2025-09-11,15:50,1,4.849133658951319,52.3211685874582,Amsterdamse Bos - Hockeyvelden,Keith,Bees_Wasps_and_Ants,2025-09-11
372475304,Common Wasp,Vespula vulgaris,2025-09-11,15:49,1,4.849238935862528,52.32112383009151,Amsterdamse Bos - Hockeyvelden,kees,Bees_Wasps_and_Ants,2025-09-11
372469483,Oak Marble Gall Wasp,Andricus kollari,2025-09-11,14:55,1,4.853670280431261,52.3243015772219,Amsterdamse Bos - Kleine Kinderbad,Tom's Wildlife,Bees_Wasps_and_Ants,2025-09-11
372433065,Asian Hornet,Vespa velutina,2025-09-11,08:57,1,4.9483487,52.3916575,Amsterdam - Noord,Monsieur Renard,Bees_Wasps_and_Ants,2025-09-11
372433091,Asian Hornet,Vespa velutina,2025-09-11,08:58,1,4.9483756,52.3916783,Amsterdam - Noord,Monsieur Renard,Bees_Wasps_and_Ants,2025-09-11
372441673,Hornet,Vespa crabro,2025-09-11,10:45,1,4.897241592407227,52.2433821066286,De Ronde Venen - Botsholse Dwarsweg,Externe bron,Bees_Wasps_and_Ants,2025-09-11
372466057,Common Carder Bumblebee,Bombus pascuorum,2025-09-11,14:02,1,4.802858009934425,52.45687687305242,Koog aan de Zaan,Marieke Stam,Bees_Wasps_and_Ants,2025-09-11
372446397,Hornet,Vespa crabro,2025-09-11,,1,4.897015,52.2435481,De Ronde Venen - Botsholse Dwarsweg,Nieuwe,Bees_Wasps_and_Ants,2025-09-11
372463294,Common Furrow Bee,Lasioglossum calceatum,2025-09-11,10:57,1,4.908246695995331,52.36692283071019,Amsterdam - Hortus Botanicus,Hans Bootsma,Bees_Wasps_and_Ants,2025-09-11
372462410,Common Carder Bumblebee,Bombus pascuorum,2025-09-11,13:41,1,4.831522042850418,52.32034738184372,Amsterdamse Bos - Grote Vijver / Grote Speelweide,Murat,Bees_Wasps_and_Ants,2025-09-11
372461341,,Lasioglossum spec.,2025-09-11,13:36,1,4.72280815139662,52.30151373924047,Amsterdam - Airport Schiphol,Piet Koeckhoven,Bees_Wasps_and_Ants,2025-09-11
372461196,Large Red-tailed Bumblebee,Bombus lapidarius,2025-09-11,13:34,1,4.722153609622942,52.30188702703701,Amsterdam - Airport Schiphol,Piet Koeckhoven,Bees_Wasps_and_Ants,2025-09-11
372461069,European Paper Wasp,Polistes dominula,2025-09-11,13:33,1,4.721819098342919,52.302060210313826,Amsterdam - Airport Schiphol,Piet Koeckhoven,Bees_Wasps_and_Ants,2025-09-11
372460993,Hornet,Vespa crabro,2025-09-11,13:32,1,4.843590874229412,52.32144158804074,Amsterdamse Bos - Heuvel / Manege,LuisInDePels,Bees_Wasps_and_Ants,2025-09-11
372460849,,Tenthredo omissa,2025-09-11,13:31,1,4.720936458731841,52.30250433018931,Amsterdam - Airport Schiphol,Piet Koeckhoven,Bees_Wasps_and_Ants,2025-09-11
372460404,Common Carder Bumblebee,Bombus pascuorum,2025-09-11,13:27,1,4.8435885,52.3202636,Amsterdamse Bos - Heuvel / Manege,Remond,Bees_Wasps_and_Ants,2025-09-11
372460227,Common Wasp,Vespula vulgaris,2025-09-11,13:25,1,4.844269487707424,52.320773504755074,Amsterdamse Bos - Heuvel / Manege,LuisInDePels,Bees_Wasps_and_Ants,2025-09-11
372460189,Braconid unknown,Braconidae indet.,2025-09-11,13:24,1,4.9079705,52.3664975,Amsterdam - Hortus Botanicus,Daan van loenen,Bees_Wasps_and_Ants,2025-09-11
372460060,Common Carder Bumblebee,Bombus pascuorum,2025-09-11,13:23,1,4.719615341123639,52.30324206397075,Amsterdam - Airport Schiphol,Piet Koeckhoven,Bees_Wasps_and_Ants,2025-09-11
372459523,Jet Ant,Lasius fuliginosus,2025-09-11,13:19,1,4.717938074694228,52.30417814177494,Amsterdam - Airport Schiphol,Piet Koeckhoven,Bees_Wasps_and_Ants,2025-09-11
372458807,Buff-tailed Bumblebee/White-tailed Bumblebee s.l. (Europe),Bombus terrestris/lucorum/magnus/cryptarum,2025-09-11,13:12,1,4.757635972222222,52.23375,Kudelstaart,Laurens Pronk,Bees_Wasps_and_Ants,2025-09-11
372441697,Common Carder Bumblebee,Bombus pascuorum,2025-09-11,10:47,1,4.7429189,52.4733747,Assendelft - Zuid,Priscilla Beemsterboer,Bees_Wasps_and_Ants,2025-09-11
372438992,Field Digger Wasp,Mellinus arvensis,2025-09-11,09:28,1,4.977386111111112,52.49208055555555,Purmerend - Westerweg,Brian,Bees_Wasps_and_Ants,2025-09-11
372435651,,Aleiodes spec.,2025-09-11,07:47,1,4.931756593286991,52.22003246872937,Vinkeveen,Johan Barth,Bees_Wasps_and_Ants,2025-09-11
372432751,Asian Hornet,Vespa velutina,2025-09-11,,1,4.883243143558502,52.34540031663664,Amsterdam - Oud-Zuid,Externe bron,Bees_Wasps_and_Ants,2025-09-11
372476702,Common Bluetail,Ischnura elegans,2025-09-11,12:12,1,4.959555,52.484544,Purmerend - Polder de Purmer - Zuid,Frank Reurs,Dragonflies,2025-09-11
372479225,Moustached Darter,Sympetrum vulgatum,2025-09-11,13:18,1,4.956411,52.482107,Purmerend - Purmerbos,Frank Reurs,Dragonflies,2025-09-11
372476696,Common Winter Damsel,Sympecma fusca,2025-09-11,14:11,1,4.773999,52.362167,Amsterdam - Westgaarde,Jan van Blanken,Dragonflies,2025-09-11
372477311,Common Darter,Sympetrum striolatum,2025-09-11,12:29,1,4.958385,52.483996,Purmerend - Purmerbos,Frank Reurs,Dragonflies,2025-09-11
372477031,Migrant Hawker,Aeshna mixta,2025-09-11,14:18,1,4.773999,52.362167,Amsterdam - Westgaarde,Jan van Blanken,Dragonflies,2025-09-11
372476655,Western Willow Spreadwing,Chalcolestes viridis,2025-09-11,14:11,1,4.773999452590942,52.362167451577434,Amsterdam - Westgaarde,Jan van Blanken,Dragonflies,2025-09-11
372463224,Common Darter,Sympetrum striolatum,2025-09-11,13:54,1,5.0281945,52.48278333333333,Volendam - Polder Katwoude - Lagedijk/Zedde,Frank Dutman,Dragonflies,2025-09-11
372459141,Western Willow Spreadwing,Chalcolestes viridis,2025-09-11,13:16,1,4.9097584,52.3861986,Amsterdam - Noord,Ellen B,Dragonflies,2025-09-11
372537903,Wall Brown,Lasiommata megera,2025-09-11,10:37,2,4.969287871790584,52.44934552725678,Waterland - Overleek (Buitengebied),nico dekker,Butterflies,2025-09-11
372511024,Speckled Wood,Pararge aegeria,2025-09-11,23:04,1,4.851916666666667,52.203536666666665,Mijdrecht,rene,Butterflies,2025-09-11
372493466,Painted Lady,Vanessa cardui,2025-09-11,10:41,1,4.797996997833252,52.47674179077149,Zaandijk,Rob Koeman,Butterflies,2025-09-11
372493461,Peacock,Aglais io,2025-09-11,10:41,1,4.79793119430542,52.47674179077149,Zaandijk,Rob Koeman,Butterflies,2025-09-11
372479294,Small White,Pieris rapae,2025-09-11,13:21,1,4.957941055035917,52.48164984987723,Purmerend - Purmerbos,Frank Reurs,Butterflies,2025-09-11
372478092,Speckled Wood,Pararge aegeria,2025-09-11,13:15,7,4.760663509368896,52.35769626420758,Amsterdam - Lutkemeerpolder,Jan van Blanken,Butterflies,2025-09-11
372477315,Speckled Wood,Pararge aegeria,2025-09-11,14:10,2,4.7740638256073,52.36221986561683,Amsterdam - Westgaarde,Jan van Blanken,Butterflies,2025-09-11
372477285,Speckled Wood,Pararge aegeria,2025-09-11,12:24,1,4.958385229110718,52.48399550314298,Purmerend - Purmerbos,Frank Reurs,Butterflies,2025-09-11
372476864,Green-veined White,Pieris napi,2025-09-11,14:16,1,4.773999,52.362167,Amsterdam - Westgaarde,Jan van Blanken,Butterflies,2025-09-11
372476590,Peacock,Aglais io,2025-09-11,14:03,1,4.772969484329224,52.36069983323082,Amsterdam - Westgaarde,Jan van Blanken,Butterflies,2025-09-11
372476550,Speckled Wood,Pararge aegeria,2025-09-11,13:11,1,4.761446714401245,52.35815759324636,Amsterdam - Lutkemeerpolder,Jan van Blanken,Butterflies,2025-09-11
372474969,Peacock,Aglais io,2025-09-11,15:46,1,4.865403184671762,52.384033203125,Amsterdam - Westerpark (Stadsdeel),chilze,Butterflies,2025-09-11
372465720,Green-veined White,Pieris napi,2025-09-11,13:55,1,4.832488702468738,52.32242315351387,Amsterdamse Bos - Grote Vijver / Grote Speelweide,Murat,Butterflies,2025-09-11
372463596,Green-veined White,Pieris napi,2025-09-11,13:58,1,4.836424147642608,52.31610284757224,Amsterdamse Bos - Heuvel / Manege,Shin,Butterflies,2025-09-11
372463008,Green-veined White,Pieris napi,2025-09-11,13:51,1,4.831927451214039,52.32212548019642,Amsterdamse Bos - Grote Vijver / Grote Speelweide,Murat,Butterflies,2025-09-11
372459986,Green-veined White,Pieris napi,2025-09-11,13:22,1,4.8436183,52.3202398,Amsterdamse Bos - Heuvel / Manege,Remond,Butterflies,2025-09-11
372455225,Speckled Wood,Pararge aegeria,2025-09-11,12:49,1,4.927310466766357,52.282127380371094,Ouderkerk aan de Amstel - Landje van Geijsel,adrie streefland,Butterflies,2025-09-11
372453589,Speckled Wood,Pararge aegeria,2025-09-11,12:32,1,4.7499093,52.3657615,Haarlemmermeer,iekkie22,Butterflies,2025-09-11
372451228,Small White,Pieris rapae,2025-09-11,12:03,1,4.810486599722222,52.45111539972223,Zaandam - Zaandam-West,A. Lepus,Butterflies,2025-09-11
372451226,Peacock,Aglais io,2025-09-11,12:02,1,4.8104366,52.4511313,Zaandam - Zaandam-West,A. Lepus,Butterflies,2025-09-11
372451025,Peacock,Aglais io,2025-09-11,12:09,1,4.802864380180836,52.45687850747889,Koog aan de Zaan,Marieke Stam,Butterflies,2025-09-11
372451018,Red Admiral,Vanessa atalanta,2025-09-11,12:09,2,4.802864380180836,52.45687850747889,Koog aan de Zaan,Marieke Stam,Butterflies,2025-09-11
372436142,Peacock,Aglais io,2025-09-11,09:18,1,4.863828,52.206244,Mijdrecht,Gijs van der Voet,Butterflies,2025-09-11
372447563,Speckled Wood,Pararge aegeria,2025-09-11,11:25,1,4.897247314453125,52.35511016845703,Amsterdam - Sarphatipark,Y,Butterflies,2025-09-11
372447237,Holly Blue,Celastrina argiolus,2025-09-11,11:35,1,4.916100816246282,52.36550090259312,Amsterdam - ARTIS,thijs de zeeuw,Butterflies,2025-09-11
372441594,Large White,Pieris brassicae,2025-09-11,10:45,1,4.7430029,52.4733461,Assendelft - Zuid,Priscilla Beemsterboer,Butterflies,2025-09-11
372478255,Grouse wing,Mystacides longicornis,2025-09-11,12:47,1,4.958385,52.483996,Purmerend - Purmerbos,Frank Reurs,Other_Insects,2025-09-11
372477530,,Panorpa germanica,2025-09-11,12:36,1,4.958385,52.483996,Purmerend - Purmerbos,Frank Reurs,Other_Insects,2025-09-11
372476002,Barkfly unknown,Psocoptera indet.,2025-09-11,12:00,1,4.962887,52.48329,Purmerend - Polder de Purmer - Zuid,Frank Reurs,Other_Insects,2025-09-11
372464328,,Hydropsyche spec.,2025-09-11,14:07,1,4.781833659423628,52.21163812254446,Zevenhoven - Polder Zevenhoven,Menno Schilthuizen Taxon Expeditions Stichting Taxon Foundation,Other_Insects,2025-09-11
372447594,,Ectobius vittiventris,2025-09-11,11:42,1,4.907869,52.411811,Amsterdam - Wilmkebreek - Tuinen,Henk van Alst,Other_Insects,2025-09-11
372446748,,Ectobius vittiventris,2025-09-11,11:33,1,4.907906,52.411681,Amsterdam - Wilmkebreek - Tuinen,Henk van Alst,Other_Insects,2025-09-11
372435638,,Tinodes waeneri,2025-09-11,07:48,1,4.931756593286991,52.22003246872937,Vinkeveen,Johan Barth,Other_Insects,2025-09-11
372435627,,Oecetis ochracea,2025-09-11,07:51,1,4.931756593286991,52.22003246872937,Vinkeveen,Johan Barth,Other_Insects,2025-09-11
372435621,,Sisyra nigra,2025-09-11,07:52,1,4.931756593286991,52.22003246872937,Vinkeveen,Johan Barth,Other_Insects,2025-09-11
372434712,,Chrysoperla carnea s.l.,2025-09-11,09:25,1,4.816488333333333,52.380008333333336,Amsterdam - Geuzenveld-Slotermeer,Jol Beringen,Other_Insects,2025-09-11
372432241,,Chrysoperla carnea s.l.,2025-09-11,07:41,1,4.765433333333333,52.26460333333333,Aalsmeer,Len,Other_Insects,2025-09-11
372432077,,Agraylea spec.,2025-09-11,08:26,1,4.958031,52.496608,Purmerend - Gors,Guido Mattens,Other_Insects,2025-09-11
372431404,Gray Silverfish,Ctenolepisma longicaudatum,2025-09-11,08:15,1,4.927083333333333,52.372155,Amsterdam - oostelijke eilanden,timb,Other_Insects,2025-09-11
372430902,,Agraylea spec.,2025-09-11,07:41,3,4.8980581,52.4110207,Amsterdam - Tuindorp-Oostzaan,Daan Drukker,Other_Insects,2025-09-11
372430893,Cinnamon sedge,Limnephilus marmoratus,2025-09-11,07:39,1,4.8980636,52.4110197,Amsterdam - Tuindorp-Oostzaan,Daan Drukker,Other_Insects,2025-09-11
